Send country,Receive country,Remit name,Sending type,Receiving type,Send currency,To which currency?,Send amount range ($USD) - From,Send amount range ($USD) - To,Fees for sending - USD,Fees for sending - %,FX markup,Receiving fee (in Column D currency),Receiving fee (%),Send-to-receive - Duration (hours),Documentation requirements,Promotions,Service quality,Comments
USA,China,Xoom,bank,bank,USD,CNY,10.00,2999.00,8.88,,2.00%,,,1,,,,
USA,China,Xoom,card,bank,USD,CNY,10.00,99.99,8.88,,2.00%,,,1,,,,
USA,China,Xoom,card,bank,USD,CNY,100.00,199.99,10.00,,2.00%,,,1,,,,
USA,China,Xoom,card,bank,USD,CNY,200.00,999.99,20.00,,2.00%,,,1,,,,
USA,China,Xoom,card,bank,USD,CNY,1000.00,1499.99,30.00,,2.00%,,,1,,,,
USA,China,Xoom,card,bank,USD,CNY,1500.00,1999.99,45.00,,2.00%,,,1,,,,
USA,China,Xoom,card,bank,USD,CNY,2000.00,2999.00,60.00,,2.00%,,,1,,,,
USA,India,Xoom,bank,bank,USD,INR,10.00,500.00,2.99,,0.78%,,,4,,,,
USA,India,Xoom,bank,bank,USD,INR,501.00,1000.00,4.99,,0.78%,,,4,,,,
USA,India,Xoom,bank,bank,USD,INR,1001.00,2999.00,0.00,,0.78%,,,4,,,,
USA,India,Xoom,card,bank,USD,INR,10.00,200.00,4.99,,0.78%,,,4,,,,
USA,India,Xoom,card,bank,USD,INR,201.00,300.00,5.99,,0.78%,,,4,,,,
USA,India,Xoom,card,bank,USD,INR,301.00,400.00,6.99,,0.78%,,,4,,,,
USA,India,Xoom,card,bank,USD,INR,401.00,500.00,7.99,,0.78%,,,4,,,,
USA,India,Xoom,card,bank,USD,INR,501.00,600.00,8.99,,0.78%,,,4,,,,
USA,India,Xoom,card,bank,USD,INR,601.00,1000.00,9.99,,0.78%,,,4,,,,
USA,India,Xoom,card,bank,USD,INR,1001.00,1400.00,11.99,,0.78%,,,4,,,,
USA,India,Xoom,card,bank,USD,INR,1401.00,1800.00,13.99,,0.78%,,,4,,,,
USA,India,Xoom,card,bank,USD,INR,1801.00,2000.00,14.99,,0.78%,,,4,,,,
USA,India,Xoom,card,bank,USD,INR,2001.00,2100.00,15.99,,0.78%,,,4,,,,
USA,India,Xoom,card,bank,USD,INR,2101.00,2200.00,16.99,,0.78%,,,4,,,,
USA,India,Xoom,card,bank,USD,INR,2201.00,2300.00,17.99,,0.78%,,,4,,,,
USA,India,Xoom,card,bank,USD,INR,2301.00,2400.00,18.99,,0.78%,,,4,,,,
USA,India,Xoom,card,bank,USD,INR,2401.00,2999.00,19.99,,0.78%,,,4,,,,
USA,Mexico,Xoom,bank,"cash, bank",USD,MXN,10.00,2999.00,4.99,,2.55%,,,1,,,,
USA,Mexico,Xoom,card,"cash, bank",USD,MXN,10.00,250.00,4.99,,2.55%,,,1,,,,
USA,Mexico,Xoom,card,"cash, bank",USD,MXN,251.00,300.00,8.99,,2.55%,,,1,,,,
USA,Mexico,Xoom,card,"cash, bank",USD,MXN,301.00,350.00,9.99,,2.55%,,,1,,,,
USA,Mexico,Xoom,card,"cash, bank",USD,MXN,351.00,400.00,10.99,,2.55%,,,1,,,,
USA,Mexico,Xoom,card,"cash, bank",USD,MXN,401.00,450.00,11.99,,2.55%,,,1,,,,
USA,Mexico,Xoom,card,"cash, bank",USD,MXN,451.00,500.00,12.99,,2.55%,,,1,,,,
USA,Mexico,Xoom,card,"cash, bank",USD,MXN,501.00,550.00,14.99,,2.55%,,,1,,,,
USA,Mexico,Xoom,card,"cash, bank",USD,MXN,551.00,600.00,15.99,,2.55%,,,1,,,,
USA,Mexico,Xoom,card,"cash, bank",USD,MXN,601.00,650.00,16.99,,2.55%,,,1,,,,
USA,Mexico,Xoom,card,"cash, bank",USD,MXN,651.00,700.00,17.99,,2.55%,,,1,,,,
USA,Mexico,Xoom,card,"cash, bank",USD,MXN,701.00,750.00,18.99,,2.55%,,,1,,,,
USA,Mexico,Xoom,card,"cash, bank",USD,MXN,751.00,800.00,20.99,,2.55%,,,1,,,,
USA,Mexico,Xoom,card,"cash, bank",USD,MXN,801.00,850.00,21.99,,2.55%,,,1,,,,
USA,Mexico,Xoom,card,"cash, bank",USD,MXN,851.00,900.00,22.99,,2.55%,,,1,,,,
USA,Mexico,Xoom,card,"cash, bank",USD,MXN,901.00,950.00,23.99,,2.55%,,,1,,,,
USA,Mexico,Xoom,card,"cash, bank",USD,MXN,951.00,1000.00,24.99,,2.55%,,,1,,,,
USA,Mexico,Xoom,card,"cash, bank",USD,MXN,1001.00,1100.00,27.99,,2.55%,,,1,,,,
USA,Mexico,Xoom,card,"cash, bank",USD,MXN,1101.00,1200.00,30.99,,2.55%,,,1,,,,
USA,Mexico,Xoom,card,"cash, bank",USD,MXN,1201.00,1300.00,33.99,,2.55%,,,1,,,,
USA,Mexico,Xoom,card,"cash, bank",USD,MXN,1301.00,1400.00,36.99,,2.55%,,,1,,,,
USA,Mexico,Xoom,card,"cash, bank",USD,MXN,1401.00,1500.00,39.99,,2.55%,,,1,,,,
USA,Mexico,Xoom,card,"cash, bank",USD,MXN,1501.00,1600.00,42.99,,2.55%,,,1,,,,
USA,Mexico,Xoom,card,"cash, bank",USD,MXN,1601.00,1700.00,45.99,,2.55%,,,1,,,,
USA,Mexico,Xoom,card,"cash, bank",USD,MXN,1701.00,1900.00,48.99,,2.55%,,,1,,,,
USA,Mexico,Xoom,card,"cash, bank",USD,MXN,1901.00,2000.00,50.99,,2.55%,,,1,,,,
USA,Mexico,Xoom,card,"cash, bank",USD,MXN,2001.00,2100.00,53.99,,2.55%,,,1,,,,
USA,Mexico,Xoom,card,"cash, bank",USD,MXN,2101.00,2200.00,56.99,,2.55%,,,1,,,,
USA,Mexico,Xoom,card,"cash, bank",USD,MXN,2201.00,2300.00,59.99,,2.55%,,,1,,,,
USA,Mexico,Xoom,card,"cash, bank",USD,MXN,2301.00,2400.00,62.99,,2.55%,,,1,,,,
USA,Mexico,Xoom,card,"cash, bank",USD,MXN,2401.00,2500.00,63.99,,2.55%,,,1,,,,
USA,Mexico,Xoom,card,"cash, bank",USD,MXN,2501.00,2600.00,66.99,,2.55%,,,1,,,,
USA,Mexico,Xoom,card,"cash, bank",USD,MXN,2601.00,2700.00,69.99,,2.55%,,,1,,,,
USA,Mexico,Xoom,card,"cash, bank",USD,MXN,2701.00,2800.00,72.99,,2.55%,,,1,,,,
USA,Mexico,Xoom,card,"cash, bank",USD,MXN,2801.00,2999.00,75.99,,2.55%,,,1,,,,
USA,Philippines,Xoom,bank,"cash, bank",USD,PHP,0.00,2999.00,4.99,,2.86%,,,1,,,,
USA,Philippines,Xoom,card,"cash, bank",USD,PHP,0.00,500.00,5.99,,2.86%,,,1,,,,
USA,Philippines,Xoom,card,"cash, bank",USD,PHP,501.00,750.00,6.99,,2.86%,,,1,,,,
USA,Philippines,Xoom,card,"cash, bank",USD,PHP,751.00,2999.00,7.99,,2.86%,,,1,,,,
USA,Philippines,Xoom,bank,"cash, bank",USD,USD,0.00,1000.00,7.99,,,,,1,,,,
USA,Philippines,Xoom,bank,"cash, bank",USD,USD,1001.00,1100.00,9.99,,,,,1,,,,
USA,Philippines,Xoom,bank,"cash, bank",USD,USD,1101.00,1500.00,10.99,,,,,1,,,,
USA,Philippines,Xoom,bank,"cash, bank",USD,USD,1501.00,1600.00,11.99,,,,,1,,,,
USA,Philippines,Xoom,bank,"cash, bank",USD,USD,1601.00,1700.00,12.99,,,,,1,,,,
USA,Philippines,Xoom,bank,"cash, bank",USD,USD,1701.00,1800.00,13.99,,,,,1,,,,
USA,Philippines,Xoom,bank,"cash, bank",USD,USD,1801.00,2000.00,14.99,,,,,1,,,,
USA,Philippines,Xoom,bank,"cash, bank",USD,USD,2001.00,2999.00,15.99,,,,,1,,,,
USA,Philippines,Xoom,card,"cash, bank",USD,USD,0.00,100.00,8.99,,,,,1,,,,
USA,Philippines,Xoom,card,"cash, bank",USD,USD,101.00,200.00,9.99,,,,,1,,,,
USA,Philippines,Xoom,card,"cash, bank",USD,USD,201.00,300.00,11.99,,,,,1,,,,
USA,Philippines,Xoom,card,"cash, bank",USD,USD,301.00,400.00,13.99,,,,,1,,,,
USA,Philippines,Xoom,card,"cash, bank",USD,USD,401.00,500.00,15.99,,,,,1,,,,
USA,Philippines,Xoom,card,"cash, bank",USD,USD,501.00,600.00,17.99,,,,,1,,,,
USA,Philippines,Xoom,card,"cash, bank",USD,USD,601.00,700.00,19.99,,,,,1,,,,
USA,Philippines,Xoom,card,"cash, bank",USD,USD,701.00,800.00,21.99,,,,,1,,,,
USA,Philippines,Xoom,card,"cash, bank",USD,USD,801.00,900.00,23.99,,,,,1,,,,
USA,Philippines,Xoom,card,"cash, bank",USD,USD,901.00,1000.00,25.99,,,,,1,,,,
USA,Philippines,Xoom,card,"cash, bank",USD,USD,1001.00,1100.00,27.99,,,,,1,,,,
USA,Philippines,Xoom,card,"cash, bank",USD,USD,1101.00,1200.00,29.99,,,,,1,,,,
USA,Philippines,Xoom,card,"cash, bank",USD,USD,1201.00,1300.00,31.99,,,,,1,,,,
USA,Philippines,Xoom,card,"cash, bank",USD,USD,1301.00,1400.00,33.99,,,,,1,,,,
USA,Philippines,Xoom,card,"cash, bank",USD,USD,1401.00,1500.00,35.99,,,,,1,,,,
USA,Philippines,Xoom,card,"cash, bank",USD,USD,1501.00,1600.00,37.99,,,,,1,,,,
USA,Philippines,Xoom,card,"cash, bank",USD,USD,1601.00,1700.00,39.99,,,,,1,,,,
USA,Philippines,Xoom,card,"cash, bank",USD,USD,1701.00,1800.00,41.99,,,,,1,,,,
USA,Philippines,Xoom,card,"cash, bank",USD,USD,1801.00,1900.00,43.99,,,,,1,,,,
USA,Philippines,Xoom,card,"cash, bank",USD,USD,1901.00,2000.00,45.99,,,,,1,,,,
USA,Philippines,Xoom,card,"cash, bank",USD,USD,2001.00,2100.00,47.99,,,,,1,,,,
USA,Philippines,Xoom,card,"cash, bank",USD,USD,2101.00,2200.00,49.99,,,,,1,,,,
USA,Philippines,Xoom,card,"cash, bank",USD,USD,2201.00,2300.00,51.99,,,,,1,,,,
USA,Philippines,Xoom,card,"cash, bank",USD,USD,2301.00,2400.00,53.99,,,,,1,,,,
USA,Philippines,Xoom,card,"cash, bank",USD,USD,2401.00,2500.00,55.99,,,,,1,,,,
USA,Philippines,Xoom,card,"cash, bank",USD,USD,2501.00,2600.00,57.99,,,,,1,,,,
USA,Philippines,Xoom,card,"cash, bank",USD,USD,2601.00,2700.00,59.99,,,,,1,,,,
USA,Philippines,Xoom,card,"cash, bank",USD,USD,2701.00,2800.00,61.99,,,,,1,,,,
USA,Philippines,Xoom,card,"cash, bank",USD,USD,2801.00,2900.00,63.99,,,,,1,,,,
USA,Philippines,Xoom,card,"cash, bank",USD,USD,2901.00,2999.00,65.99,,,,,1,,,,
USA,China,WorldRemit,bank,bank,USD,CNY,0.00,75.00,5.99,,1.25%,,,24,,,,
USA,China,WorldRemit,bank,bank,USD,CNY,75.01,200.00,7.99,,1.25%,,,24,,,,
USA,China,WorldRemit,bank,bank,USD,CNY,200.01,2000.00,10.99,,1.25%,,,24,,,,
USA,India,WorldRemit,bank,bank,USD,INR,0.00,2000.00,3.99,,1.29%,,,48,,,,
USA,Mexico,WorldRemit,bank,cash,USD,MXN,0.00,2000.00,3.99,,1.86%,,,1,,,,
USA,Philippines,WorldRemit,bank,"cash, bank",USD,PHP,0.00,2000.00,3.99,,1.54%,,,0-24,,,,
USA,Philippines,WorldRemit,bank,cash,USD,PHP,0.00,50.00,3.99,,1.54%,,,1,,,,
USA,Mexico,Western Union,card,bank,USD,MXN,0.00,300.00,4.99,,2.61%,,,96,,,,
USA,Mexico,Western Union,card,bank,USD,MXN,301.00,400.00,6.00,,2.61%,,,96,,,,
USA,Mexico,Western Union,card,bank,USD,MXN,401.00,500.00,7.00,,2.61%,,,96,,,,
USA,Mexico,Western Union,card,bank,USD,MXN,501.00,600.00,8.00,,2.61%,,,96,,,,
USA,Mexico,Western Union,card,bank,USD,MXN,601.00,700.00,9.00,,2.61%,,,96,,,,
USA,Mexico,Western Union,card,bank,USD,MXN,701.00,800.00,10.00,,2.61%,,,96,,,,
USA,Mexico,Western Union,card,bank,USD,MXN,801.00,900.00,12.00,,2.61%,,,96,,,,
USA,Mexico,Western Union,card,bank,USD,MXN,901.00,1000.00,14.00,,2.61%,,,96,,,,
USA,Mexico,Western Union,card,bank,USD,MXN,1001.00,1100.00,15.00,,2.61%,,,96,,,,
USA,Mexico,Western Union,card,bank,USD,MXN,1101.00,1200.00,16.00,,2.61%,,,96,,,,
USA,Mexico,Western Union,card,bank,USD,MXN,1201.00,1300.00,17.00,,2.61%,,,96,,,,
USA,Mexico,Western Union,card,bank,USD,MXN,1301.00,1400.00,18.00,,2.61%,,,96,,,,
USA,Mexico,Western Union,card,bank,USD,MXN,1401.00,1500.00,19.00,,2.61%,,,96,,,,
USA,Mexico,Western Union,card,bank,USD,MXN,1501.00,2000.00,20.00,,2.61%,,,96,,,,
USA,Mexico,Western Union,card,bank,USD,MXN,2001.00,2999.00,24.00,,2.61%,,,96,,,,
USA,Mexico,Western Union,bank,bank,USD,MXN,0.00,10.00,0.99,,2.61%,,,168,,,,
USA,Mexico,Western Union,bank,bank,USD,MXN,11.00,900.00,2.99,,2.61%,,,168,,,,
USA,Mexico,Western Union,bank,bank,USD,MXN,901.00,2999.00,0.00,,2.61%,,,168,,,,
USA,Mexico,Western Union,card,cash,USD,MXN,0.00,20.00,4.99,,2.61%,,,1,,,,
USA,Mexico,Western Union,card,cash,USD,MXN,21.00,300.00,5.00,,2.61%,,,1,,,,
USA,Mexico,Western Union,card,cash,USD,MXN,301.00,500.00,7.00,,2.61%,,,1,,,,
USA,Mexico,Western Union,card,cash,USD,MXN,501.00,600.00,9.00,,2.61%,,,1,,,,
USA,Mexico,Western Union,card,cash,USD,MXN,601.00,900.00,10.00,,2.61%,,,1,,,,
USA,Mexico,Western Union,card,cash,USD,MXN,901.00,1100.00,15.00,,2.61%,,,1,,,,
USA,Mexico,Western Union,card,cash,USD,MXN,1101.00,2000.00,20.00,,2.61%,,,1,,,,
USA,Mexico,Western Union,card,cash,USD,MXN,2001.00,2999.00,25.00,,2.61%,,,1,,,,
USA,Mexico,Western Union,bank,cash,USD,MXN,0.00,10.00,0.99,,2.61%,,,96,,,,
USA,Mexico,Western Union,bank,cash,USD,MXN,11.00,20.00,1.99,,2.61%,,,96,,,,
USA,Mexico,Western Union,bank,cash,USD,MXN,21.00,50.00,5.00,,2.61%,,,96,,,,
USA,Mexico,Western Union,bank,cash,USD,MXN,51.00,2999.00,4.00,,2.61%,,,96,,,,
USA,Mexico,Western Union,cash,cash,USD,MXN,0.00,10.00,0.99,,2.61%,,,1,,,,
USA,Mexico,Western Union,cash,cash,USD,MXN,11.00,100.00,5.00,,2.61%,,,1,,,,
USA,Mexico,Western Union,cash,cash,USD,MXN,100.00,160.00,,5,2.61%,,,1,,,,
USA,Mexico,Western Union,cash,cash,USD,MXN,161.00,1000.00,8.00,,2.61%,,,1,,,,
USA,Mexico,Western Union,cash,cash,USD,MXN,1001.00,1500.00,15.00,,2.61%,,,1,,,,
USA,Mexico,Western Union,cash,cash,USD,MXN,1501.00,2000.00,20.00,,2.61%,,,1,,,,
USA,Mexico,Western Union,cash,cash,USD,MXN,2001.00,2500.00,25.00,,2.61%,,,1,,,,
USA,Mexico,Western Union,cash,cash,USD,MXN,2501.00,2999.00,30.00,,2.61%,,,1,,,,
USA,Mexico,Western Union,cash,bank,USD,MXN,0.00,10.00,0.99,,2.61%,,,96,,,,
USA,Mexico,Western Union,cash,bank,USD,MXN,11.00,100.00,4.00,,2.61%,,,96,,,,
USA,Mexico,Western Union,cash,bank,USD,MXN,100.00,160.00,,4,2.61%,,,96,,,,
USA,Mexico,Western Union,cash,bank,USD,MXN,161.00,1000.00,6.99,,2.61%,,,96,,,,
USA,Mexico,Western Union,cash,bank,USD,MXN,1001.00,1500.00,13.00,,2.61%,,,96,,,,
USA,Mexico,Western Union,cash,bank,USD,MXN,1501.00,2000.00,17.00,,2.61%,,,96,,,,
USA,Mexico,Western Union,cash,bank,USD,MXN,2001.00,2500.00,22.00,,2.61%,,,96,,,,
USA,Mexico,Western Union,cash,bank,USD,MXN,2501.00,2999.00,27.00,,2.61%,,,96,,,,
USA,China,Western Union,bank,cash,USD,USD,0.00,10.00,0.99,,,,,96,,,,
USA,China,Western Union,bank,cash,USD,USD,11.00,20.00,3.99,,,,,96,,,,
USA,China,Western Union,bank,cash,USD,USD,21.00,50.00,4.99,,,,,96,,,,
USA,China,Western Union,bank,cash,USD,USD,51.00,100.00,10.00,,,,,96,,,,
USA,China,Western Union,bank,cash,USD,USD,101.00,150.00,13.00,,,,,96,,,,
USA,China,Western Union,bank,cash,USD,USD,151.00,200.00,18.00,,,,,96,,,,
USA,China,Western Union,bank,cash,USD,USD,201.00,450.00,22.00,,,,,96,,,,
USA,China,Western Union,bank,cash,USD,USD,451.00,500.00,24.00,,,,,96,,,,
USA,China,Western Union,bank,cash,USD,USD,501.00,1000.00,25.00,,,,,96,,,,
USA,China,Western Union,bank,cash,USD,USD,1001.00,1100.00,26.00,,,,,96,,,,
USA,China,Western Union,bank,cash,USD,USD,1101.00,1200.00,27.00,,,,,96,,,,
USA,China,Western Union,bank,cash,USD,USD,1201.00,1300.00,28.00,,,,,96,,,,
USA,China,Western Union,bank,cash,USD,USD,1301.00,1400.00,29.00,,,,,96,,,,
USA,China,Western Union,bank,cash,USD,USD,1401.00,1500.00,30.00,,,,,96,,,,
USA,China,Western Union,bank,cash,USD,USD,1501.00,2000.00,35.00,,,,,96,,,,
USA,China,Western Union,bank,cash,USD,USD,2001.00,2500.00,40.00,,,,,96,,,,
USA,China,Western Union,bank,cash,USD,USD,2501.00,2999.00,45.00,,,,,96,,,,
USA,China,Western Union,card,cash,USD,USD,0.00,50.00,4.99,,,,,1,,,,
USA,China,Western Union,card,cash,USD,USD,51.00,100.00,10.00,,,,,1,,,,
USA,China,Western Union,card,cash,USD,USD,101.00,150.00,15.00,,,,,1,,,,
USA,China,Western Union,card,cash,USD,USD,151.00,200.00,20.00,,,,,1,,,,
USA,China,Western Union,card,cash,USD,USD,201.00,250.00,25.00,,,,,1,,,,
USA,China,Western Union,card,cash,USD,USD,251.00,300.00,30.00,,,,,1,,,,
USA,China,Western Union,card,cash,USD,USD,301.00,350.00,35.00,,,,,1,,,,
USA,China,Western Union,card,cash,USD,USD,351.00,400.00,40.00,,,,,1,,,,
USA,China,Western Union,card,cash,USD,USD,401.00,450.00,45.00,,,,,1,,,,
USA,China,Western Union,card,cash,USD,USD,451.00,500.00,50.00,,,,,1,,,,
USA,China,Western Union,card,cash,USD,USD,501.00,600.00,55.00,,,,,1,,,,
USA,China,Western Union,card,cash,USD,USD,601.00,700.00,60.00,,,,,1,,,,
USA,China,Western Union,card,cash,USD,USD,701.00,800.00,65.00,,,,,1,,,,
USA,China,Western Union,card,cash,USD,USD,801.00,900.00,70.00,,,,,1,,,,
USA,China,Western Union,card,cash,USD,USD,901.00,1000.00,75.00,,,,,1,,,,
USA,China,Western Union,card,cash,USD,USD,1001.00,1100.00,80.00,,,,,1,,,,
USA,China,Western Union,card,cash,USD,USD,1101.00,1200.00,85.00,,,,,1,,,,
USA,China,Western Union,card,cash,USD,USD,1201.00,1300.00,90.00,,,,,1,,,,
USA,China,Western Union,card,cash,USD,USD,1301.00,1400.00,95.00,,,,,1,,,,
USA,China,Western Union,card,cash,USD,USD,1401.00,1500.00,100.00,,,,,1,,,,
USA,China,Western Union,card,cash,USD,USD,1501.00,2999.00,120.00,,,,,1,,,,
USA,China,Western Union,cash,cash,USD,USD,0.00,1000.00,10.00,,,,,1,,,,
USA,China,Western Union,cash,cash,USD,USD,1001.00,1500.00,15.00,,,,,1,,,,
USA,China,Western Union,cash,cash,USD,USD,1501.00,2000.00,16.00,,,,,1,,,,
USA,China,Western Union,cash,cash,USD,USD,2001.00,2500.00,18.00,,,,,1,,,,
USA,China,Western Union,cash,cash,USD,USD,2501.00,2999.00,27.00,,,,,1,,,,
USA,China,Western Union,bank,cash,USD,CNY,0.00,10.00,0.99,,-0.04%,,,96,,,,
USA,China,Western Union,bank,cash,USD,CNY,11.00,50.00,3.99,,-0.04%,,,96,,,,
USA,China,Western Union,bank,cash,USD,CNY,51.00,100.00,9.00,,-0.04%,,,96,,,,
USA,China,Western Union,bank,cash,USD,CNY,101.00,150.00,12.00,,-0.04%,,,96,,,,
USA,China,Western Union,bank,cash,USD,CNY,151.00,200.00,17.00,,-0.04%,,,96,,,,
USA,China,Western Union,bank,cash,USD,CNY,201.00,400.00,20.00,,-0.04%,,,96,,,,
USA,China,Western Union,bank,cash,USD,CNY,401.00,500.00,22.00,,-0.04%,,,96,,,,
USA,China,Western Union,bank,cash,USD,CNY,501.00,1000.00,23.00,,-0.04%,,,96,,,,
USA,China,Western Union,bank,cash,USD,CNY,1001.00,1100.00,25.00,,-0.04%,,,96,,,,
USA,China,Western Union,bank,cash,USD,CNY,1101.00,1200.00,26.00,,-0.04%,,,96,,,,
USA,China,Western Union,bank,cash,USD,CNY,1201.00,1300.00,27.00,,-0.04%,,,96,,,,
USA,China,Western Union,bank,cash,USD,CNY,1301.00,1400.00,28.00,,-0.04%,,,96,,,,
USA,China,Western Union,bank,cash,USD,CNY,1401.00,1500.00,29.00,,-0.04%,,,96,,,,
USA,China,Western Union,bank,cash,USD,CNY,1501.00,2000.00,30.00,,-0.04%,,,96,,,,
USA,China,Western Union,bank,cash,USD,CNY,2001.00,2500.00,35.00,,-0.04%,,,96,,,,
USA,China,Western Union,bank,cash,USD,CNY,2501.00,2999.00,40.00,,-0.04%,,,96,,,,
USA,China,Western Union,card,cash,USD,CNY,0.00,50.00,4.99,,-0.04%,,,1,,,,
USA,China,Western Union,card,cash,USD,CNY,51.00,100.00,9.00,,-0.04%,,,1,,,,
USA,China,Western Union,card,cash,USD,CNY,101.00,150.00,14.00,,-0.04%,,,1,,,,
USA,China,Western Union,card,cash,USD,CNY,151.00,200.00,19.00,,-0.04%,,,1,,,,
USA,China,Western Union,card,cash,USD,CNY,201.00,250.00,23.00,,-0.04%,,,1,,,,
USA,China,Western Union,card,cash,USD,CNY,251.00,300.00,28.00,,-0.04%,,,1,,,,
USA,China,Western Union,card,cash,USD,CNY,301.00,350.00,33.00,,-0.04%,,,1,,,,
USA,China,Western Union,card,cash,USD,CNY,351.00,400.00,38.00,,-0.04%,,,1,,,,
USA,China,Western Union,card,cash,USD,CNY,401.00,450.00,43.00,,-0.04%,,,1,,,,
USA,China,Western Union,card,cash,USD,CNY,451.00,500.00,48.00,,-0.04%,,,1,,,,
USA,China,Western Union,card,cash,USD,CNY,501.00,600.00,50.00,,-0.04%,,,1,,,,
USA,China,Western Union,card,cash,USD,CNY,601.00,700.00,55.00,,-0.04%,,,1,,,,
USA,China,Western Union,card,cash,USD,CNY,701.00,800.00,60.00,,-0.04%,,,1,,,,
USA,China,Western Union,card,cash,USD,CNY,801.00,900.00,65.00,,-0.04%,,,1,,,,
USA,China,Western Union,card,cash,USD,CNY,901.00,1000.00,70.00,,-0.04%,,,1,,,,
USA,China,Western Union,card,cash,USD,CNY,1001.00,1100.00,75.00,,-0.04%,,,1,,,,
USA,China,Western Union,card,cash,USD,CNY,1101.00,1200.00,80.00,,-0.04%,,,1,,,,
USA,China,Western Union,card,cash,USD,CNY,1201.00,1300.00,85.00,,-0.04%,,,1,,,,
USA,China,Western Union,card,cash,USD,CNY,1301.00,1400.00,90.00,,-0.04%,,,1,,,,
USA,China,Western Union,card,cash,USD,CNY,1401.00,1500.00,95.00,,-0.04%,,,1,,,,
USA,China,Western Union,card,cash,USD,CNY,1501.00,2999.00,115.00,,-0.04%,,,1,,,,
USA,China,Western Union,bank,bank,USD,CNY,0.00,10.00,0.99,,-0.04%,,,216,,,,
USA,China,Western Union,bank,bank,USD,CNY,11.00,50.00,2.99,,-0.04%,,,216,,,,
USA,China,Western Union,bank,bank,USD,CNY,51.00,2999.00,8.00,,-0.04%,,,216,,,,
USA,China,Western Union,card,bank,USD,CNY,0.00,50.00,4.99,,-0.04%,,,144,,,,
USA,China,Western Union,card,bank,USD,CNY,51.00,100.00,9.00,,-0.04%,,,144,,,,
USA,China,Western Union,card,bank,USD,CNY,101.00,150.00,14.00,,-0.04%,,,144,,,,
USA,China,Western Union,card,bank,USD,CNY,151.00,200.00,18.00,,-0.04%,,,144,,,,
USA,China,Western Union,card,bank,USD,CNY,201.00,300.00,23.00,,-0.04%,,,144,,,,
USA,China,Western Union,card,bank,USD,CNY,301.00,400.00,28.00,,-0.04%,,,144,,,,
USA,China,Western Union,card,bank,USD,CNY,401.00,500.00,38.00,,-0.04%,,,144,,,,
USA,China,Western Union,card,bank,USD,CNY,501.00,600.00,40.00,,-0.04%,,,144,,,,
USA,China,Western Union,card,bank,USD,CNY,601.00,700.00,42.00,,-0.04%,,,144,,,,
USA,China,Western Union,card,bank,USD,CNY,701.00,800.00,44.00,,-0.04%,,,144,,,,
USA,China,Western Union,card,bank,USD,CNY,801.00,900.00,46.00,,-0.04%,,,144,,,,
USA,China,Western Union,card,bank,USD,CNY,901.00,1000.00,48.00,,-0.04%,,,144,,,,
USA,China,Western Union,card,bank,USD,CNY,1001.00,1100.00,50.00,,-0.04%,,,144,,,,
USA,China,Western Union,card,bank,USD,CNY,1101.00,1200.00,52.00,,-0.04%,,,144,,,,
USA,China,Western Union,card,bank,USD,CNY,1201.00,1300.00,54.00,,-0.04%,,,144,,,,
USA,China,Western Union,card,bank,USD,CNY,1301.00,1400.00,56.00,,-0.04%,,,144,,,,
USA,China,Western Union,card,bank,USD,CNY,1401.00,1500.00,58.00,,-0.04%,,,144,,,,
USA,China,Western Union,card,bank,USD,CNY,1501.00,2999.00,65.00,,-0.04%,,,144,,,,
USA,China,Western Union,cash,cash,USD,CNY,0.00,1000.00,10.00,,-0.04%,,,1,,,,
USA,China,Western Union,cash,cash,USD,CNY,1001.00,1500.00,15.00,,-0.04%,,,1,,,,
USA,China,Western Union,cash,cash,USD,CNY,1501.00,2000.00,16.00,,-0.04%,,,1,,,,
USA,China,Western Union,cash,cash,USD,CNY,2001.00,2500.00,18.00,,-0.04%,,,1,,,,
USA,China,Western Union,cash,cash,USD,CNY,2501.00,2999.00,27.00,,-0.04%,,,1,,,,
USA,India,Western Union,bank,bank,USD,INR,0.00,2999.00,0.00,,0.66%,,,120,,,,
USA,India,Western Union,card,bank,USD,INR,0.00,2999.00,0.00,,0.66%,,,48,,,,
USA,India,Western Union,bank,cash,USD,INR,0.00,10.00,0.99,,0.66%,,,96,,,,
USA,India,Western Union,bank,cash,USD,INR,11.00,30.00,2.99,,0.66%,,,96,,,,
USA,India,Western Union,bank,cash,USD,INR,31.00,50.00,4.99,,0.66%,,,96,,,,
USA,India,Western Union,bank,cash,USD,INR,51.00,500.00,5.00,,0.66%,,,96,,,,
USA,India,Western Union,bank,cash,USD,INR,501.00,1000.00,6.00,,0.66%,,,96,,,,
USA,India,Western Union,bank,cash,USD,INR,1001.00,1500.00,8.00,,0.66%,,,96,,,,
USA,India,Western Union,bank,cash,USD,INR,1501.00,2000.00,10.00,,0.66%,,,96,,,,
USA,India,Western Union,bank,cash,USD,INR,2001.00,2500.00,12.00,,0.66%,,,96,,,,
USA,India,Western Union,card,cash,USD,INR,0.00,10.00,0.99,,0.66%,,,1,,,,
USA,India,Western Union,card,cash,USD,INR,11.00,30.00,2.99,,0.66%,,,1,,,,
USA,India,Western Union,card,cash,USD,INR,31.00,50.00,4.99,,0.66%,,,1,,,,
USA,India,Western Union,card,cash,USD,INR,51.00,100.00,5.00,,0.66%,,,1,,,,
USA,India,Western Union,card,cash,USD,INR,101.00,500.00,8.00,,0.66%,,,1,,,,
USA,India,Western Union,card,cash,USD,INR,501.00,1000.00,10.00,,0.66%,,,1,,,,
USA,India,Western Union,card,cash,USD,INR,1001.00,1500.00,15.00,,0.66%,,,1,,,,
USA,India,Western Union,card,cash,USD,INR,1501.00,2000.00,20.00,,0.66%,,,1,,,,
USA,India,Western Union,card,cash,USD,INR,2001.00,2500.00,25.00,,0.66%,,,1,,,,
USA,India,Western Union,cash,bank,USD,INR,0.00,50.00,5.00,,0.66%,,,72,,,,
USA,India,Western Union,cash,bank,USD,INR,51.00,1000.00,8.00,,0.66%,,,72,,,,
USA,India,Western Union,cash,bank,USD,INR,1001.00,2000.00,15.00,,0.66%,,,72,,,,
USA,India,Western Union,cash,bank,USD,INR,2001.00,2500.00,17.00,,0.66%,,,72,,,,
USA,India,Western Union,cash,bank,USD,INR,2501.00,2999.00,25.00,,0.66%,,,72,,,,
USA,India,Western Union,cash,cash,USD,INR,0.00,50.00,5.00,,0.66%,,,1,,,,
USA,India,Western Union,cash,cash,USD,INR,51.00,500.00,11.00,,0.66%,,,1,,,,
USA,India,Western Union,cash,cash,USD,INR,501.00,1000.00,13.00,,0.66%,,,1,,,,
USA,India,Western Union,cash,cash,USD,INR,1001.00,2999.00,19.00,,0.66%,,,1,,,,
USA,Philippines,Western Union,cash,bank,USD,PHP,1.00,50.00,5.00,,3.33%,,,72,,,,
USA,Philippines,Western Union,cash,bank,USD,PHP,51.00,1000.00,8.00,,3.33%,,,72,,,,
USA,Philippines,Western Union,cash,bank,USD,PHP,1001.00,1500.00,15.00,,3.33%,,,72,,,,
USA,Philippines,Western Union,cash,bank,USD,PHP,1501.00,2000.00,20.00,,3.33%,,,72,,,,
USA,Philippines,Western Union,cash,bank,USD,PHP,2001.00,2500.00,25.00,,3.33%,,,72,,,,
USA,Philippines,Western Union,cash,bank,USD,PHP,2501.00,5000.00,30.00,,3.33%,,,72,,,,
USA,Philippines,Western Union,cash,cash,USD,PHP,1.00,50.00,5.00,,3.33%,,,1,,,,
USA,Philippines,Western Union,cash,cash,USD,PHP,51.00,800.00,10.00,,3.33%,,,1,,,,
USA,Philippines,Western Union,cash,cash,USD,PHP,801.00,1000.00,12.00,,3.33%,,,1,,,,
USA,Philippines,Western Union,cash,cash,USD,PHP,1001.00,5000.00,,1.5,3.33%,,,1,,,,
USA,Philippines,Western Union,bank,bank,USD,PHP,1.00,2999.00,0.00,,3.33%,,,144,,,,
USA,Philippines,Western Union,card,bank,USD,PHP,1.00,10.00,0.99,,3.33%,,,72,,,,
USA,Philippines,Western Union,card,cash,USD,PHP,1.00,10.00,0.99,,3.33%,,,1,,,,
USA,Philippines,Western Union,bank,cash,USD,PHP,1.00,10.00,0.99,,3.33%,,,96,,,,
USA,Philippines,Western Union,card,bank,USD,PHP,11.00,20.00,1.99,,3.33%,,,72,,,,
USA,Philippines,Western Union,card,cash,USD,PHP,11.00,20.00,1.99,,3.33%,,,1,,,,
USA,Philippines,Western Union,bank,cash,USD,PHP,11.00,20.00,1.99,,3.33%,,,96,,,,
USA,Philippines,Western Union,card,bank,USD,PHP,21.00,300.00,4.00,,3.33%,,,72,,,,
USA,Philippines,Western Union,card,cash,USD,PHP,21.00,200.00,5.00,,3.33%,,,1,,,,
USA,Philippines,Western Union,bank,cash,USD,PHP,21.00,2999.00,2.99,,3.33%,,,96,,,,
USA,Philippines,Western Union,card,cash,USD,PHP,201.00,500.00,6.00,,3.33%,,,1,,,,
USA,Philippines,Western Union,card,bank,USD,PHP,301.00,500.00,5.00,,3.33%,,,72,,,,
USA,Philippines,Western Union,card,cash,USD,PHP,501.00,700.00,8.00,,3.33%,,,1,,,,
USA,Philippines,Western Union,card,bank,USD,PHP,501.00,700.00,7.00,,3.33%,,,72,,,,
USA,Philippines,Western Union,card,cash,USD,PHP,701.00,2500.00,9.00,,3.33%,,,1,,,,
USA,Philippines,Western Union,card,bank,USD,PHP,701.00,2999.00,8.00,,3.33%,,,72,,,,
USA,Philippines,Western Union,card,cash,USD,PHP,2501.00,2999.00,15.00,,3.33%,,,1,,,,
USA,Philippines,Western Union,bank,cash,USD,USD,1.00,10.00,0.99,,,,,96,,,,
USA,Philippines,Western Union,bank,cash,USD,USD,11.00,20.00,1.99,,,,,96,,,,
USA,Philippines,Western Union,bank,cash,USD,USD,21.00,2999.00,2.99,,,,,96,,,,
USA,Philippines,Western Union,card,cash,USD,USD,1.00,20.00,4.99,,,,,1,,,,
USA,Philippines,Western Union,card,cash,USD,USD,21.00,50.00,5.00,,,,,1,,,,
USA,Philippines,Western Union,card,cash,USD,USD,51.00,100.00,7.99,,,,,1,,,,
USA,Philippines,Western Union,card,cash,USD,USD,101.00,150.00,8.99,,,,,1,,,,
USA,Philippines,Western Union,card,cash,USD,USD,151.00,300.00,9.99,,,,,1,,,,
USA,Philippines,Western Union,card,cash,USD,USD,301.00,400.00,11.99,,,,,1,,,,
USA,Philippines,Western Union,card,cash,USD,USD,401.00,500.00,13.99,,,,,1,,,,
USA,Philippines,Western Union,card,cash,USD,USD,501.00,600.00,15.99,,,,,1,,,,
USA,Philippines,Western Union,card,cash,USD,USD,601.00,700.00,17.99,,,,,1,,,,
USA,Philippines,Western Union,card,cash,USD,USD,701.00,800.00,19.99,,,,,1,,,,
USA,Philippines,Western Union,card,cash,USD,USD,801.00,900.00,21.99,,,,,1,,,,
USA,Philippines,Western Union,card,cash,USD,USD,901.00,1200.00,24.99,,,,,1,,,,
USA,Philippines,Western Union,card,cash,USD,USD,1201.00,1400.00,29.99,,,,,1,,,,
USA,Philippines,Western Union,card,cash,USD,USD,1401.00,1700.00,34.99,,,,,1,,,,
USA,Philippines,Western Union,card,cash,USD,USD,1701.00,2000.00,39.99,,,,,1,,,,
USA,Philippines,Western Union,card,cash,USD,USD,2001.00,2500.00,49.99,,,,,1,,,,
USA,Philippines,Western Union,card,cash,USD,USD,2501.00,2999.00,59.99,,,,,1,,,,
USA,Philippines,Western Union,cash,cash,USD,USD,0.00,50.00,5.00,,,,,1,,,,
USA,Philippines,Western Union,cash,cash,USD,USD,51.00,800.00,10.00,,,,,1,,,,
USA,Philippines,Western Union,cash,cash,USD,USD,801.00,1000.00,12.00,,,,,1,,,,
USA,Philippines,Western Union,cash,cash,USD,USD,1001.00,2999.00,,1.5,,,,1,,,,
USA,China,WellsFargo,bank,bank,USD,USD,25.00,1000.00,15.00,,,,,168,,,,
USA,Philippines,WellsFargo,bank,"cash, bank",USD,PHP,25.00,250.00,5.00,,2.15%,,,168,,,,
USA,Philippines,WellsFargo,bank,"cash, bank",USD,PHP,251.00,2000.00,5.00,,1.90%,,,168,,,,
USA,Philippines,WellsFargo,bank,"cash, bank",USD,PHP,2001.00,3000.00,5.00,,1.60%,,,168,,,,
USA,China,WalMart,card,cash,USD,USD,1.00,50.00,4.75,,,,,1,,,,
USA,China,WalMart,card,cash,USD,USD,51.00,100.00,11.40,,,,,1,,,,
USA,China,WalMart,card,cash,USD,USD,101.00,200.00,14.25,,,,,1,,,,
USA,China,WalMart,card,cash,USD,USD,201.00,500.00,23.75,,,,,1,,,,
USA,China,WalMart,card,cash,USD,USD,501.00,600.00,28.50,,,,,1,,,,
USA,China,WalMart,card,cash,USD,USD,601.00,700.00,30.40,,,,,1,,,,
USA,China,WalMart,card,cash,USD,USD,701.00,800.00,35.15,,,,,1,,,,
USA,China,WalMart,card,cash,USD,USD,801.00,900.00,39.90,,,,,1,,,,
USA,China,WalMart,card,cash,USD,USD,901.00,1000.00,45.60,,,,,1,,,,
USA,China,WalMart,card,cash,USD,USD,1001.00,1100.00,52.25,,,,,1,,,,
USA,China,WalMart,card,cash,USD,USD,1101.00,1200.00,57.00,,,,,1,,,,
USA,China,WalMart,card,cash,USD,USD,1201.00,1300.00,61.75,,,,,1,,,,
USA,China,WalMart,card,cash,USD,USD,1301.00,1400.00,66.50,,,,,1,,,,
USA,China,WalMart,card,cash,USD,USD,1401.00,1500.00,71.25,,,,,1,,,,
USA,China,WalMart,card,cash,USD,USD,1501.00,2999.00,83.60,,,,,1,,,,
USA,India,WalMart,card,cash,USD,INR,0.00,100.00,4.75,,0.40%,,,1,,,,
USA,India,WalMart,card,cash,USD,INR,101.00,500.00,7.60,,0.40%,,,1,,,,
USA,India,WalMart,card,cash,USD,INR,501.00,1000.00,9.50,,0.40%,,,1,,,,
USA,India,WalMart,card,cash,USD,INR,1001.00,1500.00,14.25,,0.40%,,,1,,,,
USA,India,WalMart,card,cash,USD,INR,1501.00,2000.00,19.00,,0.40%,,,1,,,,
USA,India,WalMart,card,cash,USD,INR,2001.00,2500.00,23.75,,0.40%,,,1,,,,
USA,Mexico,WalMart,card,cash,USD,MXN,0.00,300.00,4.75,,1.16%,,,1,,,,
USA,Mexico,WalMart,card,cash,USD,MXN,301.00,500.00,6.65,,1.16%,,,1,,,,
USA,Mexico,WalMart,card,cash,USD,MXN,501.00,600.00,8.55,,1.16%,,,1,,,,
USA,Mexico,WalMart,card,cash,USD,MXN,601.00,900.00,9.50,,1.16%,,,1,,,,
USA,Mexico,WalMart,card,cash,USD,MXN,901.00,1100.00,14.25,,1.16%,,,1,,,,
USA,Mexico,WalMart,card,cash,USD,MXN,1101.00,2000.00,19.00,,1.16%,,,1,,,,
USA,Mexico,WalMart,card,cash,USD,MXN,2001.00,2999.00,23.75,,1.16%,,,1,,,,
USA,Mexico,WalMart,cash,cash,USD,MXN,0.00,50.00,4.75,,1.87%,,,1,,,,
USA,Mexico,WalMart,cash,cash,USD,MXN,51.00,900.00,11.50,,1.87%,,,1,,,,
USA,Mexico,WalMart,cash,cash,USD,MXN,901.00,3000.00,0.00,2,1.87%,,,1,,,,
USA,Philippines,WalMart,card,cash,USD,PHP,0.00,200.00,4.75,,2.03%,,,1,,,,
USA,Philippines,WalMart,card,cash,USD,PHP,201.00,500.00,5.70,,2.03%,,,1,,,,
USA,Philippines,WalMart,card,cash,USD,PHP,501.00,700.00,7.60,,2.03%,,,1,,,,
USA,Philippines,WalMart,card,cash,USD,PHP,701.00,2999.00,8.55,,2.03%,,,1,,,,
USA,Philippines,WalMart,card,cash,USD,USD,0.00,200.00,4.75,,,,,1,,,,
USA,Philippines,WalMart,card,cash,USD,USD,201.00,500.00,5.70,,,,,1,,,,
USA,Philippines,WalMart,card,cash,USD,USD,501.00,700.00,7.60,,,,,1,,,,
USA,Philippines,WalMart,card,cash,USD,USD,701.00,2999.00,8.55,,,,,1,,,,
USA,Mexico,Viamericas,bank,"cash, bank",USD,MXN,1.00,8000.00,4.99,,1.08%,,,72,,,,
USA,India,Transferwise,bank,bank,USD,INR,4.00,300.00,4.50,,0.01%,,,168,,,,
USA,India,Transferwise,bank,bank,USD,INR,301.00,4999.99,,1.5,0.01%,,,168,,,,
USA,India,Transferwise,bank,bank,USD,INR,5000.00,19999.00,,1,0.01%,,,168,,,,
USA,Philippines,Transferwise,bank,bank,USD,PHP,4.00,300.00,3.00,,0.02%,,,168,,,,
USA,Philippines,Transferwise,bank,bank,USD,PHP,301.00,19999.00,0.00,1,0.02%,,,168,,,,
USA,India,Transfast,bank,"cash, bank",USD,INR,50.00,9999.99,0.00,,0.37%,,,72,,,,
USA,India,Transfast,bank,"cash, bank",USD,INR,50.00,500.00,2.99,,0.57%,,,0-24,,,,
USA,India,Transfast,bank,"cash, bank",USD,INR,500.01,1000.00,4.49,,0.57%,,,0-24,,,,
USA,India,Transfast,bank,"cash, bank",USD,INR,1001.00,9999.99,0.00,,0.57%,,,0-24,,,,
USA,Mexico,Transfast,bank,"cash, bank",USD,MXN,50.00,9999.99,0.00,,1.92%,,,0-24,,,,
USA,Philippines,Transfast,bank,"cash, bank",USD,PHP,50.00,9999.99,4.99,,2.36%,,,0-24,,,,
USA,Philippines,Transfast,bank,"cash, bank",USD,PHP,50.00,9999.99,0.00,,1.91%,,,72,,,,
USA,Philippines,Transfast,bank,"cash, bank",USD,USD,50.00,9999.99,4.99,,,,,0-24,,,,
USA,China,Transfast,bank,bank,USD,USD,50.00,9999.99,4.99,,,,,24,,,,
USA,China,Transfast,bank,"bank, cash",USD,CNY,50.00,9999.99,4.99,,2.51%,,,24,,,,
USA,China,Ria,bank,"cash, bank",USD,USD,0.00,100.00,3.00,,,,,120,,,,
USA,China,Ria,bank,"cash, bank",USD,USD,101.00,2999.00,5.00,,,,,120,,,,
USA,China,Ria,card,"cash, bank",USD,USD,0.00,100.00,5.00,,,,,24,,,,
USA,China,Ria,card,"cash, bank",USD,USD,101.00,500.00,8.00,,,,,24,,,,
USA,China,Ria,card,"cash, bank",USD,USD,501.00,1000.00,15.00,,,,,24,,,,
USA,China,Ria,card,"cash, bank",USD,USD,1001.00,2000.00,26.00,,,,,24,,,,
USA,China,Ria,card,"cash, bank",USD,USD,2001.00,2999.00,34.00,,,,,24,,,,
USA,India,Ria,bank,"cash, bank",USD,INR,0.00,2999.00,0.00,,0.53%,,,120,,,,
USA,India,Ria,card,"cash, bank",USD,INR,0.00,2999.00,0.00,,0.53%,,,24,,,,
USA,Mexico,Ria,bank,"cash, bank",USD,MXN,0.00,100.00,3.00,,1.72%,,,120,,,,
USA,Mexico,Ria,bank,"cash, bank",USD,MXN,101.00,2999.00,4.00,,1.72%,,,120,,,,
USA,Mexico,Ria,card,"cash, bank",USD,MXN,0.00,250.00,4.00,,1.72%,,,24,,,,
USA,Mexico,Ria,card,"cash, bank",USD,MXN,251.00,500.00,5.00,,1.72%,,,24,,,,
USA,Mexico,Ria,card,"cash, bank",USD,MXN,501.00,1000.00,6.00,,1.72%,,,24,,,,
USA,Mexico,Ria,card,"cash, bank",USD,MXN,1001.00,1500.00,8.00,,1.72%,,,24,,,,
USA,Mexico,Ria,card,"cash, bank",USD,MXN,1501.00,2000.00,10.00,,1.72%,,,24,,,,
USA,Mexico,Ria,card,"cash, bank",USD,MXN,2001.00,2999.00,14.00,,1.72%,,,24,,,,
USA,Philippines,Ria,bank,"cash, bank",USD,USD,0.00,2999.00,3.00,,,,,120,,,,
USA,Philippines,Ria,card,"cash, bank",USD,USD,0.00,100.00,4.00,,,,,24,,,,
USA,Philippines,Ria,card,"cash, bank",USD,USD,101.00,500.00,5.00,,,,,24,,,,
USA,Philippines,Ria,card,"cash, bank",USD,USD,501.00,2999.00,7.00,,,,,24,,,,
USA,Philippines,Ria,bank,"cash, bank",USD,PHP,0.00,2999.00,3.00,,1.07%,,,120,,,,
USA,Philippines,Ria,card,"cash, bank",USD,PHP,0.00,100.00,4.00,,1.07%,,,24,,,,
USA,Philippines,Ria,card,"cash, bank",USD,PHP,101.00,500.00,5.00,,1.07%,,,24,,,,
USA,Philippines,Ria,card,"cash, bank",USD,PHP,501.00,2999.00,7.00,,1.07%,,,24,,,,
USA,Philippines,Remitly,bank,"cash, bank",USD,PHP,0.00,2999.00,0.00,,2.64%,,,96,,,,
USA,Philippines,Remitly,card,"cash, bank",USD,PHP,0.00,2999.00,3.99,,2.64%,,,1,,,,
USA,Philippines,Remitly,bank,"cash, bank",USD,USD,0.00,500.00,4.99,,,,,96,,,,
USA,Philippines,Remitly,bank,"cash, bank",USD,USD,501.00,750.00,5.99,,,,,96,,,,
USA,Philippines,Remitly,bank,"cash, bank",USD,USD,751.00,1000.00,6.99,,,,,96,,,,
USA,Philippines,Remitly,bank,"cash, bank",USD,USD,1001.00,1500.00,8.99,,,,,96,,,,
USA,Philippines,Remitly,bank,"cash, bank",USD,USD,1501.00,2000.00,10.99,,,,,96,,,,
USA,Philippines,Remitly,bank,"cash, bank",USD,USD,2001.00,2999.00,12.99,,,,,96,,,,
USA,Philippines,Remitly,card,"cash, bank",USD,USD,0.00,750.00,7.99,,,,,1,,,,
USA,Philippines,Remitly,card,"cash, bank",USD,USD,751.00,1000.00,10.99,,,,,1,,,,
USA,Philippines,Remitly,card,"cash, bank",USD,USD,1001.00,2000.00,14.99,,,,,1,,,,
USA,Philippines,Remitly,card,"cash, bank",USD,USD,2001.00,2999.00,15.99,,,,,1,,,,
USA,India,Remitly,bank,bank,USD,INR,0.00,1000.00,1.99,,0.64%,,,96,,,,
USA,India,Remitly,bank,bank,USD,INR,1001.00,2999.00,0.00,,0.64%,,,96,,,,
USA,India,Remitly,card,bank,USD,INR,0.00,1000.00,1.99,,0.88%,,,1,,,,
USA,India,Remitly,card,bank,USD,INR,1001.00,2999.00,0.00,,0.88%,,,1,,,,
USA,Philippines,PNB,bank,"cash, bank",USD,PHP,1.00,50.99,2.98,,1.58%,,,1,,,,
USA,Philippines,PNB,bank,"cash, bank",USD,PHP,51.00,1000.00,3.98,,1.58%,,,1,,,,
USA,Philippines,PNB,bank,"cash, bank",USD,USD,1.00,50.99,4.98,,,,,1,,,,
USA,Philippines,PNB,bank,"cash, bank",USD,USD,51.00,400.99,6.98,,,,,1,,,,
USA,Philippines,PNB,bank,"cash, bank",USD,USD,401.00,900.99,7.48,,,,,1,,,,
USA,Philippines,PNB,bank,"cash, bank",USD,USD,901.00,1000.99,8.98,,,,,1,,,,
USA,Philippines,PNB,bank,"cash, bank",USD,USD,1001.00,1400.99,9.98,,,,,1,,,,
USA,Philippines,PNB,bank,"cash, bank",USD,USD,1401.00,1500.99,10.98,,,,,1,,,,
USA,Philippines,PNB,bank,"cash, bank",USD,USD,1501.00,1600.99,11.98,,,,,1,,,,
USA,Philippines,PNB,bank,"cash, bank",USD,USD,1601.00,1700.99,12.98,,,,,1,,,,
USA,Philippines,PNB,bank,"cash, bank",USD,USD,1701.00,1900.99,13.98,,,,,1,,,,
USA,Philippines,PNB,bank,"cash, bank",USD,USD,1901.00,2999.99,14.98,,,,,1,,,,
USA,China,PayPal,bank,bank,USD,USD,150.00,10000.00,35.00,0.5,,,,120,,,,
USA,China,MoneyGram,cash,cash,USD,USD,0.00,1000.00,12.00,,,,,1,,,,
USA,China,MoneyGram,cash,cash,USD,USD,1001.00,2500.00,16.00,,,,,1,,,,
USA,China,MoneyGram,cash,cash,USD,USD,2501.00,10000.00,30.00,,,,,1,,,,
USA,China,MoneyGram,cash,bank,USD,USD,0.00,1000.00,12.00,,,,,24,,,,
USA,China,MoneyGram,cash,bank,USD,USD,1001.00,2500.00,16.00,,,,,24,,,,
USA,China,MoneyGram,cash,bank,USD,USD,2501.00,10000.00,30.00,,,,,24,,,,
USA,China,MoneyGram,cash,bank,USD,CNY,0.00,1000.00,12.00,,0.28%,,,24,,,,
USA,China,MoneyGram,cash,bank,USD,CNY,1001.00,2500.00,16.00,,0.28%,,,24,,,,
USA,China,MoneyGram,cash,bank,USD,CNY,2501.00,10000.00,30.00,,0.28%,,,24,,,,
USA,China,MoneyGram,bank,cash,USD,USD,0.00,50.00,5.00,,,,,96,,,,
USA,China,MoneyGram,bank,cash,USD,USD,51.00,500.00,10.00,,,,,96,,,,
USA,China,MoneyGram,bank,cash,USD,USD,501.00,2999.00,11.00,,,,,96,,,,
USA,China,MoneyGram,card,cash,USD,USD,0.00,50.00,5.00,,,,,1,,,,
USA,China,MoneyGram,card,cash,USD,USD,51.00,100.00,12.00,,,,,1,,,,
USA,China,MoneyGram,card,cash,USD,USD,101.00,200.00,15.00,,,,,1,,,,
USA,China,MoneyGram,card,cash,USD,USD,201.00,500.00,25.00,,,,,1,,,,
USA,China,MoneyGram,card,cash,USD,USD,501.00,600.00,30.00,,,,,1,,,,
USA,China,MoneyGram,card,cash,USD,USD,601.00,700.00,32.00,,,,,1,,,,
USA,China,MoneyGram,card,cash,USD,USD,701.00,800.00,37.00,,,,,1,,,,
USA,China,MoneyGram,card,cash,USD,USD,801.00,900.00,42.00,,,,,1,,,,
USA,China,MoneyGram,card,cash,USD,USD,901.00,1000.00,48.00,,,,,1,,,,
USA,China,MoneyGram,card,cash,USD,USD,1001.00,1100.00,55.00,,,,,1,,,,
USA,China,MoneyGram,card,cash,USD,USD,1101.00,1200.00,60.00,,,,,1,,,,
USA,China,MoneyGram,card,cash,USD,USD,1201.00,1300.00,65.00,,,,,1,,,,
USA,China,MoneyGram,card,cash,USD,USD,1301.00,1400.00,70.00,,,,,1,,,,
USA,China,MoneyGram,card,cash,USD,USD,1401.00,1500.00,75.00,,,,,1,,,,
USA,China,MoneyGram,card,cash,USD,USD,1501.00,2999.00,88.00,,,,,1,,,,
USA,China,MoneyGram,card,bank,USD,USD,0.00,50.00,5.00,,,,,24,,,,
USA,China,MoneyGram,card,bank,USD,USD,51.00,100.00,12.00,,,,,24,,,,
USA,China,MoneyGram,card,bank,USD,USD,101.00,200.00,15.00,,,,,24,,,,
USA,China,MoneyGram,card,bank,USD,USD,201.00,500.00,25.00,,,,,24,,,,
USA,China,MoneyGram,card,bank,USD,USD,501.00,600.00,30.00,,,,,24,,,,
USA,China,MoneyGram,card,bank,USD,USD,601.00,700.00,32.00,,,,,24,,,,
USA,China,MoneyGram,card,bank,USD,USD,701.00,800.00,37.00,,,,,24,,,,
USA,China,MoneyGram,card,bank,USD,USD,801.00,900.00,42.00,,,,,24,,,,
USA,China,MoneyGram,card,bank,USD,USD,901.00,1000.00,48.00,,,,,24,,,,
USA,China,MoneyGram,card,bank,USD,USD,1001.00,1100.00,55.00,,,,,24,,,,
USA,China,MoneyGram,card,bank,USD,USD,1101.00,1200.00,60.00,,,,,24,,,,
USA,China,MoneyGram,card,bank,USD,USD,1201.00,1300.00,65.00,,,,,24,,,,
USA,China,MoneyGram,card,bank,USD,USD,1301.00,1400.00,70.00,,,,,24,,,,
USA,China,MoneyGram,card,bank,USD,USD,1401.00,1500.00,75.00,,,,,24,,,,
USA,China,MoneyGram,card,bank,USD,USD,1501.00,2999.00,88.00,,,,,24,,,,
USA,China,MoneyGram,bank,bank,USD,USD,0.00,50.00,5.00,,,,,120,,,,
USA,China,MoneyGram,bank,bank,USD,USD,51.00,500.00,10.00,,,,,120,,,,
USA,China,MoneyGram,bank,bank,USD,USD,501.00,2999.00,11.00,,,,,120,,,,
USA,China,MoneyGram,bank,bank,USD,CNY,0.00,100.00,5.00,,0.31%,,,120,,,,
USA,China,MoneyGram,bank,bank,USD,CNY,1000.00,2999.00,8.88,,0.31%,,,120,,,,
USA,China,MoneyGram,card,bank,USD,CNY,0.00,50.00,5.00,,0.31%,,,24,,,,
USA,China,MoneyGram,card,bank,USD,CNY,51.00,100.00,12.00,,0.31%,,,24,,,,
USA,China,MoneyGram,card,bank,USD,CNY,101.00,1000.00,20.00,,0.31%,,,24,,,,
USA,China,MoneyGram,card,bank,USD,CNY,1001.00,1500.00,30.00,,0.31%,,,24,,,,
USA,China,MoneyGram,card,bank,USD,CNY,1501.00,2000.00,45.00,,0.31%,,,24,,,,
USA,China,MoneyGram,card,bank,USD,CNY,2001.00,2999.00,60.00,,0.31%,,,24,,,,
USA,India,MoneyGram,cash,bank,USD,INR,0.00,1000.00,7.00,,0.40%,,,24,,,,
USA,India,MoneyGram,cash,bank,USD,INR,1001.00,2000.00,13.00,,0.40%,,,24,,,,
USA,India,MoneyGram,cash,bank,USD,INR,2001.00,2500.00,15.00,,0.40%,,,24,,,,
USA,India,MoneyGram,cash,bank,USD,INR,2501.00,10000.00,22.00,,0.40%,,,24,,,,
USA,India,MoneyGram,cash,cash,USD,INR,0.00,500.00,11.00,,0.40%,,,1,,,,
USA,India,MoneyGram,cash,cash,USD,INR,501.00,1000.00,13.00,,0.40%,,,1,,,,
USA,India,MoneyGram,cash,cash,USD,INR,1001.00,2500.00,20.00,,0.40%,,,1,,,,
USA,India,MoneyGram,cash,cash,USD,INR,2501.00,10000.00,30.00,,0.40%,,,1,,,,
USA,India,MoneyGram,bank,cash,USD,INR,0.00,500.00,2.99,,0.70%,,,96,,,,
USA,India,MoneyGram,bank,cash,USD,INR,501.00,2500.00,4.99,,0.70%,,,96,,,,
USA,India,MoneyGram,card,cash,USD,INR,0.00,100.00,5.00,,0.70%,,,1,,,,
USA,India,MoneyGram,card,cash,USD,INR,101.00,500.00,8.00,,0.70%,,,1,,,,
USA,India,MoneyGram,card,cash,USD,INR,501.00,1000.00,10.00,,0.70%,,,1,,,,
USA,India,MoneyGram,card,cash,USD,INR,1001.00,1500.00,15.00,,0.70%,,,1,,,,
USA,India,MoneyGram,card,cash,USD,INR,1501.00,2000.00,20.00,,0.70%,,,1,,,,
USA,India,MoneyGram,card,cash,USD,INR,2001.00,2500.00,25.00,,0.70%,,,1,,,,
USA,India,MoneyGram,bank,bank,USD,INR,0.00,2999.00,0.00,,0.50%,,,120,,,,
USA,India,MoneyGram,card,bank,USD,INR,0.00,2999.00,0.00,,0.50%,,,4,,,,
USA,Mexico,MoneyGram,cash,cash,USD,MXN,0.00,50.00,5.00,,1.87%,,,1,,,,
USA,Mexico,MoneyGram,cash,cash,USD,MXN,51.00,1000.00,9.99,,1.87%,,,1,,,,
USA,Mexico,MoneyGram,cash,cash,USD,MXN,1001.00,10000.00,1.00,2,1.87%,,,1,,,,
USA,Mexico,MoneyGram,cash,bank,USD,MXN,0.00,50.00,5.00,,1.87%,,,24,,,,
USA,Mexico,MoneyGram,cash,bank,USD,MXN,51.00,1000.00,9.99,,1.87%,,,24,,,,
USA,Mexico,MoneyGram,cash,bank,USD,MXN,1001.00,10000.00,,1,1.87%,,,24,,,,
USA,Mexico,MoneyGram,bank,cash,USD,MXN,0.00,2999.00,4.00,,1.37%,,,96,,,,
USA,Mexico,MoneyGram,card,cash,USD,MXN,0.00,300.00,5.00,,1.37%,,,1,,,,
USA,Mexico,MoneyGram,card,cash,USD,MXN,301.00,500.00,7.00,,1.37%,,,1,,,,
USA,Mexico,MoneyGram,card,cash,USD,MXN,501.00,600.00,9.00,,1.37%,,,1,,,,
USA,Mexico,MoneyGram,card,cash,USD,MXN,601.00,900.00,10.00,,1.37%,,,1,,,,
USA,Mexico,MoneyGram,card,cash,USD,MXN,901.00,1100.00,15.00,,1.37%,,,1,,,,
USA,Mexico,MoneyGram,card,cash,USD,MXN,1101.00,2000.00,20.00,,1.37%,,,1,,,,
USA,Mexico,MoneyGram,card,cash,USD,MXN,2001.00,2999.00,25.00,,1.37%,,,1,,,,
USA,Mexico,MoneyGram,bank,bank,USD,MXN,0.00,2999.00,4.00,,1.75%,,,120,,,,
USA,Mexico,MoneyGram,card,bank,USD,MXN,0.00,300.00,5.00,,1.75%,,,24,,,,
USA,Mexico,MoneyGram,card,bank,USD,MXN,301.00,500.00,7.00,,1.75%,,,24,,,,
USA,Mexico,MoneyGram,card,bank,USD,MXN,501.00,600.00,9.00,,1.75%,,,24,,,,
USA,Mexico,MoneyGram,card,bank,USD,MXN,601.00,900.00,10.00,,1.75%,,,24,,,,
USA,Mexico,MoneyGram,card,bank,USD,MXN,901.00,1100.00,15.00,,1.75%,,,24,,,,
USA,Mexico,MoneyGram,card,bank,USD,MXN,1101.00,2000.00,20.00,,1.75%,,,24,,,,
USA,Mexico,MoneyGram,card,bank,USD,MXN,2001.00,2999.00,25.00,,1.75%,,,24,,,,
USA,Philippines,MoneyGram,cash,cash,USD,PHP,0.00,500.00,9.99,,2.03%,,,1,,,,
USA,Philippines,MoneyGram,cash,cash,USD,PHP,501.00,1000.00,16.00,,2.03%,,,1,,,,
USA,Philippines,MoneyGram,cash,cash,USD,PHP,1001.00,10000.00,,2,2.03%,,,1,,,,
USA,Philippines,MoneyGram,cash,bank,USD,PHP,0.00,500.00,9.99,,2.03%,,,24,,,,
USA,Philippines,MoneyGram,cash,bank,USD,PHP,501.00,1000.00,16.00,,2.03%,,,24,,,,
USA,Philippines,MoneyGram,cash,bank,USD,PHP,1001.00,10000.00,,2,2.03%,,,24,,,,
USA,Philippines,MoneyGram,bank,cash,USD,PHP,0.00,2999.00,2.99,,2.03%,,,96,,,,
USA,Philippines,MoneyGram,card,cash,USD,PHP,0.00,200.00,5.00,,2.03%,,,1,,,,
USA,Philippines,MoneyGram,card,cash,USD,PHP,201.00,500.00,6.00,,2.03%,,,1,,,,
USA,Philippines,MoneyGram,card,cash,USD,PHP,501.00,700.00,8.00,,2.03%,,,1,,,,
USA,Philippines,MoneyGram,card,cash,USD,PHP,701.00,2999.00,9.00,,2.03%,,,1,,,,
USA,Philippines,MoneyGram,card,bank,USD,PHP,0.00,50.00,5.00,,2.73%,,,24,,,,
USA,Philippines,MoneyGram,card,bank,USD,PHP,51.00,300.00,4.00,,2.73%,,,24,,,,
USA,Philippines,MoneyGram,card,bank,USD,PHP,301.00,500.00,5.00,,2.73%,,,24,,,,
USA,Philippines,MoneyGram,card,bank,USD,PHP,501.00,700.00,7.00,,2.73%,,,24,,,,
USA,Philippines,MoneyGram,card,bank,USD,PHP,701.00,899.00,8.00,,2.73%,,,24,,,,
USA,Philippines,MoneyGram,bank,bank,USD,PHP,0.00,899.00,0.00,,2.73%,,,120,,,,
USA,Philippines,MoneyGram,bank,cash,USD,USD,0.00,2999.00,2.99,,,,,96,,,,
USA,Philippines,MoneyGram,card,cash,USD,USD,0.00,200.00,5.00,,,,,1,,,,
USA,Philippines,MoneyGram,card,cash,USD,USD,201.00,500.00,6.00,,,,,1,,,,
USA,Philippines,MoneyGram,card,cash,USD,USD,501.00,700.00,8.00,,,,,1,,,,
USA,Philippines,MoneyGram,card,cash,USD,USD,701.00,2999.00,9.00,,,,,1,,,,
USA,India,IndusInd,bank,bank,USD,INR,1.00,3000.00,0.00,,0.52%,,,168,,,,
USA,India,ICICI,bank,bank,USD,INR,1.00,1000.00,2.00,,1.00%,,,168,,,,
USA,India,ICICI,bank,bank,USD,INR,1001.00,3000.00,0.00,,1.00%,,,168,,,,
USA,China,BofA,bank,bank,USD,USD,0.00,10000.00,57.00,,0.00%,,,168,,,,
USA,China,BofA,bank,bank,USD,CNY,0.00,10000.00,35.00,,0.00%,,,168,,,,
